{
  "anomaly_rate": 0.0,
  "mean_anomaly_score": 0.5000000000000008,
  "n_features_eval": 16,
  "n_features_model_expected": 16,
  "n_samples": 1000,
  "n_positive": 150,
  "n_negative": 850,
  "TP": 0,
  "FP": 0,
  "TN": 850,
  "FN": 150,
  "precision": 0.0,
  "recall": 0.0,
  "f1": 0.0,
  "accuracy": 0.85,
  "balanced_accuracy": 0.5,
  "specificity": 1.0,
  "mcc": 0.0,
  "roc_auc": 0.5,
  "pr_auc": 0.15,
  "best_f1_threshold": {
    "f1": 0.2608695652173913,
    "threshold": 0.5000000000000008,
    "metrics": {
      "TP": 150,
      "FP": 850,
      "TN": 0,
      "FN": 0,
      "precision": 0.15,
      "recall": 1.0,
      "f1": 0.2608695652173913
    }
  }
}